series,date,return_pct
BRMSA0104,2016-08,0.006666666666666667
BRMSA0104,2016-09,0.006666666666666667
BRMSA0104,2016-10,0.006666666666666667
BRMSA0104,2016-11,0.006666666666666667
BRMSA0104,2016-12,0.006666666666666667
BRMSA0104,2017-01,0.006666666666666667
BRMSA0104,2017-02,0.006666666666666667
BRMSA0104,2017-03,0.006666666666666667
BRMSA0104,2017-04,0.006666666666666667
BRMSA0104,2017-05,0.006833333333333334
BRMSA0104,2017-06,0.0075
BRMSA0104,2017-07,0.0075
BRMSA0104,2017-08,0.0075
BRMSA0104,2017-09,0.0075
BRMSA0104,2017-10,0.0075
BRMSA0104,2017-11,0.0075
BRMSA0104,2017-12,0.0075
BRMSA0104,2018-01,0.0075
BRMSA0104,2018-02,0.0075
BRMSA0104,2018-03,0.0075
BRMSA0104,2018-04,0.0075
BRMSA0104,2018-05,0.0075
BRMSA0104,2018-06,0.0075
BRMSA0104,2018-07,0.0075
BRMSA0104,2018-08,0.0075
BRMSA0104,2018-09,0.0075
BRMSA0104,2018-10,0.0075
BRMSA0104,2018-11,0.0075
BRMSA0104,2018-12,0.0075
BRMSA0104,2019-01,0.008166666666666668
BRMSA0104,2019-02,0.008333333333333333
BRMSA0104,2019-03,0.008333333333333333
BRMSA0104,2019-04,0.008333333333333333
BRMSA0104,2019-05,0.008333333333333333
BRMSA0104,2019-06,0.008333333333333333
BRMSA0104,2019-07,0.008333333333333333
BRMSA0104,2019-08,0.008333333333333333
BRMSA0104,2019-09,0.008333333333333333
BRMSA0104,2019-10,0.008333333333333333
BRMSA0104,2019-11,0.008333333333333333
BRMSA0104,2019-12,0.008333333333333333
BRMSA0104,2020-01,0.008333333333333333
BRMSA0104,2020-02,0.008333333333333333
BRMSA0104,2020-03,0.008333333333333333
BRMSA0104,2020-04,0.008333333333333333
BRMSA0104,2020-05,0.008333333333333333
BRMSA0104,2020-06,0.007916666666666667
BRMSA0104,2020-07,0.008333333333333333
BRMSA0104,2020-08,0.008125
BRMSA0104,2020-09,0.0075
BRMSA0104,2020-10,0.007083333333333333
BRMSA0104,2020-11,0.006666666666666667
BRMSA0104,2020-12,0.006333333333333333
BRMSA0104,2021-01,0.005833333333333334
BRMSA0104,2021-02,0.005833333333333334
BRMSA0104,2021-03,0.005833333333333334
BRMSA0104,2021-04,0.005833333333333334
BRMSA0104,2021-05,0.005
BRMSA0104,2021-06,0.005
BRMSA0104,2021-07,0.005
BRMSA0104,2021-08,0.005
BRMSA0104,2021-09,0.005
BRMSA0104,2021-10,0.005
BRMSA0104,2021-11,0.005
BRMSA0104,2021-12,0.005
BRMSA0104,2022-01,0.005
BRMSA0104,2022-02,0.005
BRMSA0104,2022-03,0.005
BRMSA0104,2022-04,0.005
BRMSA0104,2022-05,0.005
BRMSA0104,2022-06,0.006833333333333334
BRMSA0104,2022-07,0.00875
BRMSA0104,2022-08,0.010833333333333334
BRMSA0104,2022-09,0.011041666666666667
BRMSA0104,2022-10,0.013333333333333334
BRMSA0104,2022-11,0.015
BRMSA0104,2022-12,0.01625
BRMSA0104,2023-01,0.01875
BRMSA0104,2023-02,0.01916666666666667
BRMSA0104,2023-03,0.01916666666666667
BRMSA0104,2023-04,0.02
BRMSA0104,2023-05,0.020666666666666667
BRMSA0104,2023-06,0.020833333333333332
BRMSA0104,2023-07,0.03916666666666666
BRMSA0104,2023-08,0.03966666666666666
BRMSA0104,2023-09,0.041041666666666664
BRMSA0104,2023-10,0.043333333333333335
BRMSA0104,2023-11,0.043333333333333335
BRMSA0104,2023-12,0.043541666666666666
BRMSA0104,2024-01,0.043500000000000004
BRMSA0104,2024-02,0.043541666666666666
BRMSA0104,2024-03,0.043541666666666666
BRMSA0104,2024-04,0.043333333333333335
BRMSA0104,2024-05,0.043333333333333335
BRMSA0104,2024-06,0.043541666666666666
BRMSA0104,2024-07,0.04416666666666667
BRMSA0104,2024-08,0.04416666666666667
BRMSA0104,2024-09,0.04395833333333334
BRMSA0104,2024-10,0.04133333333333333
BRMSA0104,2024-11,0.040625
BRMSA0104,2024-12,0.04
BRMSA0104,2025-01,0.03958333333333333
BRMSA0104,2025-02,0.039375
BRMSA0104,2025-03,0.03916666666666666
BRMSA0104,2025-04,0.03916666666666666
BRMSA0104,2025-05,0.04
BRMSA0104,2025-06,0.04
BRMSA0104,2025-07,0.04
BRMSA0104,2025-08,0.04
BRMSA0104,2025-09,0.041874999999999996
BRMSA0104,2025-10,0.04
BRMSA0104,2025-11,0.03916666666666666
BRMSA0104,2025-12,0.041666666666666664
BRMSA0104,2026-01,0.041666666666666664
BRMSA0104,2026-02,0.041666666666666664
BRMSA0104,2026-03,0.041666666666666664
BRMSA0104,2026-04,0.041166666666666664
BRMSA0104,2026-05,0.04083333333333333
BRMSA0104,2026-06,0.04125
BRMSA0104,2026-07,0.041666666666666664
SP500,2016-08,0.3642259752137944
SP500,2016-09,-0.9089039519678321
SP500,2016-10,-0.6798934751898633
SP500,2016-11,1.0249438709573955
SP500,2016-12,3.7710795408305797
SP500,2017-01,1.2679864711596656
SP500,2017-02,2.4084278039356866
SP500,2017-03,1.584251720413521
SP500,2017-04,-0.3174171812161175
SP500,2017-05,1.5274145171987774
SP500,2017-06,1.6131092093170762
SP500,2017-07,0.8265063957952901
SP500,2017-08,0.08640810554005895
SP500,2017-09,1.490823751489767
SP500,2017-10,2.573620729411674
SP500,2017-11,1.4316965430078543
SP500,2017-12,2.7272759820305303
SP500,2018-01,4.708981810838719
SP500,2018-02,-3.034211440852652
SP500,2018-03,-0.08803389833177411
SP500,2018-04,-1.8184493003219893
SP500,2018-05,1.8038869084150866
SP500,2018-06,1.9566664924805188
SP500,2018-07,1.4264866641390705
SP500,2018-08,2.29725465250068
SP500,2018-09,1.5284407306193737
SP500,2018-10,-3.9991632830903345
SP500,2018-11,-2.2342863276442526
SP500,2018-12,-5.725633995417024
SP500,2019-01,1.561271239742501
SP500,2019-02,5.656008902631182
SP500,2019-03,1.7830134352832427
SP500,2019-04,3.559799102161798
SP500,2019-05,-1.690684307083512
SP500,2019-06,1.2421626618758452
SP500,2019-07,3.6657976172869144
SP500,2019-08,-3.2914457365223138
SP500,2019-09,2.9217556964503455
SP500,2019-10,-0.15025312588260453
SP500,2019-11,4.272772324718455
SP500,2019-12,2.3139205669457485
SP500,2020-01,3.193620792981844
SP500,2020-02,-0.02710773723488824
SP500,2020-03,-19.068070194658603
SP500,2020-04,4.131423037262105
SP500,2020-05,5.707500912045704
SP500,2020-06,6.338024331663883
SP500,2020-07,3.3162456330321
SP500,2020-08,5.739176126387724
SP500,2020-09,-0.7722751453789756
SP500,2020-10,1.5802832740796413
SP500,2020-11,3.811129505182942
SP500,2020-12,4.12278977766225
SP500,2021-01,2.663874507216746
SP500,2021-02,2.363986070158086
SP500,2021-03,0.697222324801583
SP500,2021-04,5.898668771903637
SP500,2021-05,0.6440998474093629
SP500,2021-06,1.6948799483893495
SP500,2021-07,2.954432477546254
SP500,2021-08,2.0737731710595897
SP500,2021-09,-0.19449099560708838
SP500,2021-10,0.3411013769702764
SP500,2021-11,4.633335415001971
SP500,2021-12,0.1582483118188982
SP500,2022-01,-2.159617871554287
SP500,2022-02,-3.0135665438234205
SP500,2022-03,-1.0080140942733573
SP500,2022-04,0.0007009963455040236
SP500,2022-05,-7.991627073192076
SP500,2022-06,-3.5000181501978256
SP500,2022-07,0.32785350573316663
SP500,2022-08,6.310087225567629
SP500,2022-09,-7.407428096367996
SP500,2022-10,-3.232537642097355
SP500,2022-11,5.137815384013722
SP500,2022-12,-0.13037993486108013
SP500,2023-01,1.2339173563778116
SP500,2023-02,3.0052653352317993
SP500,2023-03,-2.7238772987478344
SP500,2023-04,3.85299129887271
SP500,2023-05,0.5994421692241403
SP500,2023-06,4.80442245389574
SP500,2023-07,3.744273465272241
SP500,2023-08,-1.1250211836032031
SP500,2023-09,-1.0827868912423932
SP500,2023-10,-3.1683166479536284
SP500,2023-11,4.465788720765107
SP500,2023-12,5.044506094457546
SP500,2024-01,2.5493834714821917
SP500,2024-02,4.3182525042043896
SP500,2024-03,3.164649209695658
SP500,2024-04,-1.123275473407881
SP500,2024-05,2.4006435572613505
SP500,2024-06,3.436625095374324
SP500,2024-07,2.268898074605419
SP500,2024-08,-1.0796307498352475
SP500,2024-09,2.611178393225666
SP500,2024-10,3.043073083294945
SP500,2024-11,2.3754979889035965
SP500,2024-12,1.3658299953754893
SP500,2025-01,-0.5222683235907355
SP500,2025-02,0.9896203128832104
SP500,2025-03,-5.873900906763996
SP500,2025-04,-5.532873701499563
SP500,2025-05,8.220954685733094
SP500,2025-06,3.7693169780276703
SP500,2025-07,4.420378535684422
SP500,2025-08,1.7859346377016028
SP500,2025-09,2.7316266227122465
SP500,2025-10,2.303663837164094
SP500,2025-11,0.07711235229299618
SP500,2025-12,1.6635746187375622
SP500,2026-01,1.1104080374321867
SP500,2026-02,-0.5096704057242274
SP500,2026-03,-3.4724971070349553
SP500,2026-04,4.547181714958537
SP500,2026-05,6.547985943053236
SP500,2026-06,0.5056471734848245
SP500,2026-07,0.8350989056040703
